Workbook

Sheet Resume
A1: TAHUN 2026
A3: DASHBOARD REKAPITULASI DANA PERSEKOT, REIMBURSEMENT & OPNAME KAS FISIK
A4: Monitoring Pengeluaran, Distribusi Kas Bon Tim, dan Audit Keseimbangan Fisik vs Catatan (Plafon Kas: Rp 7.000.000)
B6: KONTROL KAS INDUK PERSEKOT
B7: Total Kas Induk Persekot (Plafon Awal) | D7: 7000000 | F7: Balik Persekot GA | G7: =sum(E14:E16) -> 0
B8: Total Persekot Didistribusikan ke Tim | D8: =D18 -> 7000000
B9: Sisa Dana di Kas Induk (Belum Dibagi) | D9: =D7-D8 -> 0
B10: Status Distribusi Kas Induk | D10: =IF(D9=0, "100% Teralokasi ke Tim", IF(D9>0, "Sebagian Dana Masih di Kas Induk", "PERINGATAN: Melebihi Plafon Kas!")) -> 100% Teralokasi ke Tim
A12: REKAPITULASI PENGELUARAN, SALDO BUKU & SISA UANG FISIK RIIL
A13: No. | B13: Nama Anggota | C13: Divisi / Pos | D13: Persekot Diterima (Rp) | E13: Realisasi Belanja (Rp) | F13: Saldo Catatan Buku (Rp) | G13: Sisa Uang Fisik Riil (Rp) [KOLOM INPUT KAS] | H13: Selisih / Gap Fisik (Rp) [Fisik - Buku] | I13: Status Gap Fisik | J13: Tindak Lanjut / Action
A14: 1 | B14: Sri | C14: Dapur | D14: =Sri!D4 -> 2500000 | E14: =Sri!D5 -> 0 | F14: =D14-E14 -> 2500000 | G14: 2500000 | H14: =G14-F14 -> 0 | I14: =IF(H14=0, "✅ PAS / KLOP", IF(H14<0, "❌ KURANG (Tekor)", "⚠️ LEBIH")) -> ✅ PAS / KLOP | J14: =IF(H14=0, IF(F14>0, "Setor sisa Rp " & TEXT(F14, "#,##0") & " ke Kasir", "Lunas / Pas"), IF(H14<0, "Wajib ganti tekor Rp " & TEXT(ABS(H14), "#,##0"), "Setor kelebihan Rp " & TEXT(H14, "#,##0"))) -> Setor sisa Rp 2,500,000 ke Kasir
A15: 2 | B15: Lucky | C15: GA | D15: =Lucky!F12 -> 3200000 | E15: =Lucky!D5 -> 0 | F15: =D15-E15 -> 3200000 | G15: 3200000 | H15: =G15-F15 -> 0 | I15: =IF(H15=0, "✅ PAS / KLOP", IF(H15<0, "❌ KURANG (Tekor)", "⚠️ LEBIH")) -> ✅ PAS / KLOP | J15: =IF(H15=0, IF(F15>0, "Setor sisa Rp " & TEXT(F15, "#,##0") & " ke Kasir", "Lunas / Pas"), IF(H15<0, "Wajib ganti tekor Rp " & TEXT(ABS(H15), "#,##0"), "Setor kelebihan Rp " & TEXT(H15, "#,##0"))) -> Setor sisa Rp 3,200,000 ke Kasir
A16: 3 | B16: Kur | C16: OB | D16: =Kur!F12 -> 300000 | E16: =Kur!D5 -> 0 | F16: =D16-E16 -> 300000 | G16: 300000 | H16: =G16-F16 -> 0 | I16: =IF(H16=0, "✅ PAS / KLOP", IF(H16<0, "❌ KURANG (Tekor)", "⚠️ LEBIH")) -> ✅ PAS / KLOP | J16: =IF(H16=0, IF(F16>0, "Setor sisa Rp " & TEXT(F16, "#,##0") & " ke Kasir", "Lunas / Pas"), IF(H16<0, "Wajib ganti tekor Rp " & TEXT(ABS(H16), "#,##0"), "Setor kelebihan Rp " & TEXT(H16, "#,##0"))) -> Setor sisa Rp 300,000 ke Kasir
A17: 4 | B17: irvan | C17: Manager | D17: =irvan!F12 -> 1000000 | E17: =irvan!D5 -> 0 | F17: =D17-E17 -> 1000000 | G17: 1000000 | H17: =G17-F17 -> 0 | I17: =IF(H17=0, "✅ PAS / KLOP", IF(H17<0, "❌ KURANG (Tekor)", "⚠️ LEBIH")) -> ✅ PAS / KLOP | J17: =IF(H17=0, IF(F17>0, "Setor sisa Rp " & TEXT(F17, "#,##0") & " ke Kasir", "Lunas / Pas"), IF(H17<0, "Wajib ganti tekor Rp " & TEXT(ABS(H17), "#,##0"), "Setor kelebihan Rp " & TEXT(H17, "#,##0"))) -> Setor sisa Rp 1,000,000 ke Kasir
A18: TOTAL KESELURUHAN TIM | D18: =SUM(D14:D17) -> 7000000 | E18: =SUM(E14:E17) -> 0 | F18: =SUM(F14:F17) -> 7000000 | G18: =SUM(G14:G17) -> 7000000 | H18: =SUM(H14:H17) -> 0 | I18: =IF(H18=0, "✅ FISIK TIM KLOP", IF(H18<0, "❌ TOTAL TEKOR " & TEXT(ABS(H18), "#,##0"), "⚠️ TOTAL LEBIH")) -> ✅ FISIK TIM KLOP | J18: =IF(H18=0, "Semua fisik sesuai catatan", "Investigasi selisih fisik!") -> Semua fisik sesuai catatan
A20: KONTROL KESEIMBANGAN & AUDIT DANA PERSEKOT (BALANCE CHECK)
B21: 1. Plafon Kas Induk Persekot (Budget Awal) | E21: =D7 -> 7000000 | G21: Plafon dana awal yang disediakan manajemen (Rp 7.000.000)
B22: 2. Total Realisasi Belanja Tim (Nota Sah) | E22: =E18 -> 0 | G22: Total kuitansi/nota belanja tim yang sudah keluar
B23: 3. Total Sisa Uang Fisik Riil Tim (Hasil Opname) | E23: =G18 -> 7000000 | G23: Total lembaran/koin fisik uang di tangan seluruh anggota
B24: 4. Sisa Fisik Dana di Kas Induk (Belum Dibagi) | E24: =D9 -> 0 | G24: Fisik uang tunai yang masih tertahan di kasir utama
B25: 5. Total Pertanggungjawaban Fisik (Belanja + Uang Fisik) | E25: =E22+E23+E24 -> 7000000 | G25: Total Uang Fisik + Nota (Wajib tepat sama dengan Plafon 7 Juta)
B26: 6. Selisih / Gap Keseimbangan Kas (Audit Variance) | E26: =E25-E21 -> 0 | G26: Wajib bernilai Rp 0 agar dinyatakan Klop / Balance
B27: STATUS KESEIMBANGAN AUDIT KAS (BALANCE CHECK) | E27: =IF(E26=0, "✅ 100% BALANCE (Uang Fisik + Nota Lengkap Rp 7.000.000)", IF(E26<0, "❌ FISIK TEKOR / KURANG " & TEXT(ABS(E26), "Rp #,##0"), "⚠️ FISIK LEBIH " & TEXT(E26, "Rp #,##0"))) -> ✅ 100% BALANCE (Uang Fisik + Nota Lengkap Rp 7.000.000) | G27: Formula otomatis mendeteksi selisih fisik vs plafon

Sheet Sri
A1: BUKU PENGELUARAN & REIMBURSEMENT PERSEKOT - SRI
A2: Nama Pemegang Kas: Sri | Divisi: Business Development | Pencatatan Nota & Kas Bon
B4: Total Persekot Diterima | D4: =F345 -> 2500000
B5: Total Realisasi Belanja (Nota) | D5: =G345 -> 0
B6: Sisa Saldo Catatan (Buku) | D6: =D4-D5 -> 2500000
B7: Sisa Uang Fisik Riil (Hasil Opname) | D7: =Resume!G14 -> 2500000
B8: Selisih / Gap Fisik (Fisik - Buku) | D8: =D7-D6 -> 0
B9: Status Keseimbangan Fisik | D9: =IF(D8=0, "✅ PAS / KLOP (Uang Fisik Sesuai)", IF(D8<0, "❌ FISIK TEKOR / KURANG " & TEXT(ABS(D8), "Rp #,##0"), "⚠️ FISIK LEBIH")) -> ✅ PAS / KLOP (Uang Fisik Sesuai)
A11: No. | B11: Tanggal | C11: No. Bukti / Nota | D11: Keterangan / Uraian Belanja | E11: Pos / Kategori Biaya | F11: Persekot Masuk (Rp) | G11: Pengeluaran / Nota (Rp) | H11: Saldo Berjalan (Rp) | I11: Status Bukti Fisik
A12: 1 | B12: 2026-01-09 | C12: KAS-01 | D12: Penerimaan Persekot Awal | E12: Persekot Kas | F12: 2500000 | H12: =IF(AND(F12="", G12=""), "", SUM($F$12:F12)-SUM($G$12:G12)) -> 2500000 | I12: Kas Diterima
H15: =IF(AND(F15="", G15=""), "", SUM($F$12:F15)-SUM($G$12:G15))
H16: =IF(AND(F16="", G16=""), "", SUM($F$12:F16)-SUM($G$12:G16))
H17: =IF(AND(F17="", G17=""), "", SUM($F$12:F17)-SUM($G$12:G17))
H18: =IF(AND(F18="", G18=""), "", SUM($F$12:F18)-SUM($G$12:G18))
H19: =IF(AND(F19="", G19=""), "", SUM($F$12:F19)-SUM($G$12:G19))
H20: =IF(AND(F20="", G20=""), "", SUM($F$12:F20)-SUM($G$12:G20))
H21: =IF(AND(F21="", G21=""), "", SUM($F$12:F21)-SUM($G$12:G21))
H23: =IF(AND(F23="", G23=""), "", SUM($F$12:F23)-SUM($G$12:G23))
H24: =IF(AND(F24="", G24=""), "", SUM($F$12:F24)-SUM($G$12:G24))
H25: =IF(AND(F25="", G25=""), "", SUM($F$12:F25)-SUM($G$12:G25))
H26: =IF(AND(F26="", G26=""), "", SUM($F$12:F26)-SUM($G$12:G26))
H27: =IF(AND(F27="", G27=""), "", SUM($F$12:F27)-SUM($G$12:G27))
... H344: =IF(AND(F344="", G344=""), "", SUM($F$12:F344)-SUM($G$12:G344))
A345: TOTAL PERSEKOT & REALISASI PENGELUARAN | F345: =SUM(F12:F344) -> 2500000 | G345: =SUM(G12:G344) -> 0 | H345: =F345-G345 -> 2500000

Sheet Lucky
A1: BUKU PENGELUARAN & REIMBURSEMENT PERSEKOT - LUCKY
A2: Nama Pemegang Kas: Lucky | Divisi: Business Development | Pencatatan Nota & Kas Bon
B4: Total Persekot Diterima | D4: =F344 -> 3200000
B5: Total Realisasi Belanja (Nota) | D5: =G344 -> 0
B6: Sisa Saldo Catatan (Buku) | D6: =D4-D5 -> 3200000
B7: Sisa Uang Fisik Riil (Hasil Opname) | D7: =Resume!G15 -> 3200000
B8: Selisih / Gap Fisik (Fisik - Buku) | D8: =D7-D6 -> 0
B9: Status Keseimbangan Fisik | D9: =IF(D8=0, "✅ PAS / KLOP (Uang Fisik Sesuai)", IF(D8<0, "❌ FISIK TEKOR / KURANG " & TEXT(ABS(D8), "Rp #,##0"), "⚠️ FISIK LEBIH")) -> ✅ PAS / KLOP (Uang Fisik Sesuai)
A11: No. | B11: Tanggal | C11: No. Bukti / Nota | D11: Keterangan / Uraian Belanja | E11: Pos / Kategori Biaya | F11: Persekot Masuk (Rp) | G11: Pengeluaran / Nota (Rp) | H11: Saldo Berjalan (Rp) | I11: Status Bukti Fisik
A12: 1 | B12: 2026-01-09 | C12: KAS-01 | D12: Penerimaan Persekot Awal | E12: Persekot Kas | F12: 3200000 | H12: =IF(AND(F12="", G12=""), "", SUM($F$12:F12)-SUM($G$12:G12)) -> 3200000 | I12: Kas Diterima
H14: =IF(AND(F14="", G14=""), "", SUM($F$12:F14)-SUM($G$12:G14))
H15: =IF(AND(F15="", G15=""), "", SUM($F$12:F15)-SUM($G$12:G15))
H16: =IF(AND(F16="", G16=""), "", SUM($F$12:F16)-SUM($G$12:G16))
H17: =IF(AND(F17="", G17=""), "", SUM($F$12:F17)-SUM($G$12:G17))
H18: =IF(AND(F18="", G18=""), "", SUM($F$12:F18)-SUM($G$12:G18))
H19: =IF(AND(F19="", G19=""), "", SUM($F$12:F19)-SUM($G$12:G19))
H20: =IF(AND(F20="", G20=""), "", SUM($F$12:F20)-SUM($G$12:G20))
H22: =IF(AND(F22="", G22=""), "", SUM($F$12:F22)-SUM($G$12:G22))
H23: =IF(AND(F23="", G23=""), "", SUM($F$12:F23)-SUM($G$12:G23))
H24: =IF(AND(F24="", G24=""), "", SUM($F$12:F24)-SUM($G$12:G24))
H25: =IF(AND(F25="", G25=""), "", SUM($F$12:F25)-SUM($G$12:G25))
H26: =IF(AND(F26="", G26=""), "", SUM($F$12:F26)-SUM($G$12:G26))
... H343: =IF(AND(F343="", G343=""), "", SUM($F$12:F343)-SUM($G$12:G343))
A344: TOTAL PERSEKOT & REALISASI PENGELUARAN | F344: =SUM(F11:F343) -> 3200000 | G344: =SUM(G11:G343) -> 0 | H344: =F344-G344 -> 3200000

Sheet Kur
A1: BUKU PENGELUARAN & REIMBURSEMENT PERSEKOT - KUR
A2: Nama Pemegang Kas: Kur | Divisi: Business Development | Pencatatan Nota & Kas Bon
B4: Total Persekot Diterima | D4: =F345 -> 300000
B5: Total Realisasi Belanja (Nota) | D5: =G345 -> 0
B6: Sisa Saldo Catatan (Buku) | D6: =D4-D5 -> 300000
B7: Sisa Uang Fisik Riil (Hasil Opname) | D7: =Resume!G16 -> 300000
B8: Selisih / Gap Fisik (Fisik - Buku) | D8: =D7-D6 -> 0
B9: Status Keseimbangan Fisik | D9: =IF(D8=0, "✅ PAS / KLOP (Uang Fisik Sesuai)", IF(D8<0, "❌ FISIK TEKOR / KURANG " & TEXT(ABS(D8), "Rp #,##0"), "⚠️ FISIK LEBIH")) -> ✅ PAS / KLOP (Uang Fisik Sesuai)
A11: No. | B11: Tanggal | C11: No. Bukti / Nota | D11: Keterangan / Uraian Belanja | E11: Pos / Kategori Biaya | F11: Persekot Masuk (Rp) | G11: Pengeluaran / Nota (Rp) | H11: Saldo Berjalan (Rp) | I11: Status Bukti Fisik
A12: 1 | B12: 2026-01-09 | C12: KAS-01 | D12: Penerimaan Persekot Awal | E12: Persekot Kas | F12: 300000 | H12: =IF(AND(F12="", G12=""), "", SUM($F$12:F12)-SUM($G$12:G12)) -> 300000 | I12: Kas Diterima
H13: =IF(AND(F13="", G13=""), "", SUM($F$12:F13)-SUM($G$12:G13))
H14: =IF(AND(F14="", G14=""), "", SUM($F$12:F14)-SUM($G$12:G14))
H15: =IF(AND(F15="", G15=""), "", SUM($F$12:F15)-SUM($G$12:G15))
H16: =IF(AND(F16="", G16=""), "", SUM($F$12:F16)-SUM($G$12:G16))
H17: =IF(AND(F17="", G17=""), "", SUM($F$12:F17)-SUM($G$12:G17))
H18: =IF(AND(F18="", G18=""), "", SUM($F$12:F18)-SUM($G$12:G18))
H19: =IF(AND(F19="", G19=""), "", SUM($F$12:F19)-SUM($G$12:G19))
H20: =IF(AND(F20="", G20=""), "", SUM($F$12:F20)-SUM($G$12:G20))
H21: =IF(AND(F21="", G21=""), "", SUM($F$12:F21)-SUM($G$12:G21))
H23: =IF(AND(F23="", G23=""), "", SUM($F$12:F23)-SUM($G$12:G23))
H24: =IF(AND(F24="", G24=""), "", SUM($F$12:F24)-SUM($G$12:G24))
H25: =IF(AND(F25="", G25=""), "", SUM($F$12:F25)-SUM($G$12:G25))
... H344: =IF(AND(F344="", G344=""), "", SUM($F$12:F344)-SUM($G$12:G344))
A345: TOTAL PERSEKOT & REALISASI PENGELUARAN | F345: =SUM(F12:F344) -> 300000 | G345: =SUM(G12:G344) -> 0 | H345: =F345-G345 -> 300000

Sheet irvan
A1: BUKU PENGELUARAN & REIMBURSEMENT PERSEKOT - IRVAN
A2: Nama Pemegang Kas: irvan | Divisi: Business Development | Pencatatan Nota & Kas Bon
B4: Total Persekot Diterima | D4: =F345 -> 1000000
B5: Total Realisasi Belanja (Nota) | D5: =G345 -> 0
B6: Sisa Saldo Catatan (Buku) | D6: =D4-D5 -> 1000000
B7: Sisa Uang Fisik Riil (Hasil Opname) | D7: =Resume!G17 -> 1000000
B8: Selisih / Gap Fisik (Fisik - Buku) | D8: =D7-D6 -> 0
B9: Status Keseimbangan Fisik | D9: =IF(D8=0, "✅ PAS / KLOP (Uang Fisik Sesuai)", IF(D8<0, "❌ FISIK TEKOR / KURANG " & TEXT(ABS(D8), "Rp #,##0"), "⚠️ FISIK LEBIH")) -> ✅ PAS / KLOP (Uang Fisik Sesuai)
A11: No. | B11: Tanggal | C11: No. Bukti / Nota | D11: Keterangan / Uraian Belanja | E11: Pos / Kategori Biaya | F11: Persekot Masuk (Rp) | G11: Pengeluaran / Nota (Rp) | H11: Saldo Berjalan (Rp) | I11: Status Bukti Fisik
A12: 1 | B12: 2026-01-09 | C12: KAS-01 | D12: Penerimaan Persekot Awal | E12: Persekot Kas | F12: 1000000 | H12: =IF(AND(F12="", G12=""), "", SUM($F$12:F12)-SUM($G$12:G12)) -> 1000000 | I12: Kas Diterima
H13: =IF(AND(F13="", G13=""), "", SUM($F$12:F13)-SUM($G$12:G13))
H14: =IF(AND(F14="", G14=""), "", SUM($F$12:F14)-SUM($G$12:G14))
H15: =IF(AND(F15="", G15=""), "", SUM($F$12:F15)-SUM($G$12:G15))
H16: =IF(AND(F16="", G16=""), "", SUM($F$12:F16)-SUM($G$12:G16))
H17: =IF(AND(F17="", G17=""), "", SUM($F$12:F17)-SUM($G$12:G17))
H18: =IF(AND(F18="", G18=""), "", SUM($F$12:F18)-SUM($G$12:G18))
H19: =IF(AND(F19="", G19=""), "", SUM($F$12:F19)-SUM($G$12:G19))
H20: =IF(AND(F20="", G20=""), "", SUM($F$12:F20)-SUM($G$12:G20))
H21: =IF(AND(F21="", G21=""), "", SUM($F$12:F21)-SUM($G$12:G21))
H23: =IF(AND(F23="", G23=""), "", SUM($F$12:F23)-SUM($G$12:G23))
H24: =IF(AND(F24="", G24=""), "", SUM($F$12:F24)-SUM($G$12:G24))
H25: =IF(AND(F25="", G25=""), "", SUM($F$12:F25)-SUM($G$12:G25))
... H344: =IF(AND(F344="", G344=""), "", SUM($F$12:F344)-SUM($G$12:G344))
A345: TOTAL PERSEKOT & REALISASI PENGELUARAN | F345: =SUM(F12:F344) -> 1000000 | G345: =SUM(G12:G344) -> 0 | H345: =F345-G345 -> 1000000
